index,Reorg_g,Reorg_ex
test_0,0,0
test_1,0,0
test_2,0,0
test_3,0,0
test_4,0,0
test_5,0,0
test_6,0,0
test_7,0,0
test_8,0,0
test_9,0,0
test_10,0,0
test_11,0,0
test_12,0,0
test_13,0,0
test_14,0,0
test_15,0,0
test_16,0,0
test_17,0,0
test_18,0,0
test_19,0,0
test_20,0,0
test_21,0,0
test_22,0,0
test_23,0,0
test_24,0,0
test_25,0,0
test_26,0,0
test_27,0,0
test_28,0,0
test_29,0,0
test_30,0,0
test_31,0,0
test_32,0,0
test_33,0,0
test_34,0,0
test_35,0,0
test_36,0,0
test_37,0,0
test_38,0,0
test_39,0,0
test_40,0,0
test_41,0,0
test_42,0,0
test_43,0,0
test_44,0,0
test_45,0,0
test_46,0,0
test_47,0,0
test_48,0,0
test_49,0,0
test_50,0,0
test_51,0,0
test_52,0,0
test_53,0,0
test_54,0,0
test_55,0,0
test_56,0,0
test_57,0,0
test_58,0,0
test_59,0,0
test_60,0,0
test_61,0,0
test_62,0,0
test_63,0,0
test_64,0,0
test_65,0,0
test_66,0,0
test_67,0,0
test_68,0,0
test_69,0,0
test_70,0,0
test_71,0,0
test_72,0,0
test_73,0,0
test_74,0,0
test_75,0,0
test_76,0,0
test_77,0,0
test_78,0,0
test_79,0,0
test_80,0,0
test_81,0,0
test_82,0,0
test_83,0,0
test_84,0,0
test_85,0,0
test_86,0,0
test_87,0,0
test_88,0,0
test_89,0,0
test_90,0,0
test_91,0,0
test_92,0,0
test_93,0,0
test_94,0,0
test_95,0,0
test_96,0,0
test_97,0,0
test_98,0,0
test_99,0,0
test_100,0,0
test_101,0,0
test_102,0,0
test_103,0,0
test_104,0,0
test_105,0,0
test_106,0,0
test_107,0,0
test_108,0,0
test_109,0,0
test_110,0,0
test_111,0,0
test_112,0,0
test_113,0,0
test_114,0,0
test_115,0,0
test_116,0,0
test_117,0,0
test_118,0,0
test_119,0,0
test_120,0,0
test_121,0,0
test_122,0,0
test_123,0,0
test_124,0,0
test_125,0,0
test_126,0,0
test_127,0,0
test_128,0,0
test_129,0,0
test_130,0,0
test_131,0,0
test_132,0,0
test_133,0,0
test_134,0,0
test_135,0,0
test_136,0,0
test_137,0,0
test_138,0,0
test_139,0,0
test_140,0,0
test_141,0,0
test_142,0,0
test_143,0,0
test_144,0,0
test_145,0,0
test_146,0,0
test_147,0,0
test_148,0,0
test_149,0,0
test_150,0,0
test_151,0,0
test_152,0,0
test_153,0,0
test_154,0,0
test_155,0,0
test_156,0,0
test_157,0,0
test_158,0,0
test_159,0,0
test_160,0,0
test_161,0,0
test_162,0,0
test_163,0,0
test_164,0,0
test_165,0,0
test_166,0,0
test_167,0,0
test_168,0,0
test_169,0,0
test_170,0,0
test_171,0,0
test_172,0,0
test_173,0,0
test_174,0,0
test_175,0,0
test_176,0,0
test_177,0,0
test_178,0,0
test_179,0,0
test_180,0,0
test_181,0,0
test_182,0,0
test_183,0,0
test_184,0,0
test_185,0,0
test_186,0,0
test_187,0,0
test_188,0,0
test_189,0,0
test_190,0,0
test_191,0,0
test_192,0,0
test_193,0,0
test_194,0,0
test_195,0,0
test_196,0,0
test_197,0,0
test_198,0,0
test_199,0,0
test_200,0,0
test_201,0,0
test_202,0,0
test_203,0,0
test_204,0,0
test_205,0,0
test_206,0,0
test_207,0,0
test_208,0,0
test_209,0,0
test_210,0,0
test_211,0,0
test_212,0,0
test_213,0,0
test_214,0,0
test_215,0,0
test_216,0,0
test_217,0,0
test_218,0,0
test_219,0,0
test_220,0,0
test_221,0,0
test_222,0,0
test_223,0,0
test_224,0,0
test_225,0,0
test_226,0,0
test_227,0,0
test_228,0,0
test_229,0,0
test_230,0,0
test_231,0,0
test_232,0,0
test_233,0,0
test_234,0,0
test_235,0,0
test_236,0,0
test_237,0,0
test_238,0,0
test_239,0,0
test_240,0,0
test_241,0,0
test_242,0,0
test_243,0,0
test_244,0,0
test_245,0,0
test_246,0,0
test_247,0,0
test_248,0,0
test_249,0,0
test_250,0,0
test_251,0,0
test_252,0,0
test_253,0,0
test_254,0,0
test_255,0,0
test_256,0,0
test_257,0,0
test_258,0,0
test_259,0,0
test_260,0,0
test_261,0,0
test_262,0,0
test_263,0,0
test_264,0,0
test_265,0,0
test_266,0,0
test_267,0,0
test_268,0,0
test_269,0,0
test_270,0,0
test_271,0,0
test_272,0,0
test_273,0,0
test_274,0,0
test_275,0,0
test_276,0,0
test_277,0,0
test_278,0,0
test_279,0,0
test_280,0,0
test_281,0,0
test_282,0,0
test_283,0,0
test_284,0,0
test_285,0,0
test_286,0,0
test_287,0,0
test_288,0,0
test_289,0,0
test_290,0,0
test_291,0,0
test_292,0,0
test_293,0,0
test_294,0,0
test_295,0,0
test_296,0,0
test_297,0,0
test_298,0,0
test_299,0,0
test_300,0,0
test_301,0,0
test_302,0,0
test_303,0,0
test_304,0,0
test_305,0,0
test_306,0,0
test_307,0,0
test_308,0,0
test_309,0,0
test_310,0,0
test_311,0,0
test_312,0,0
test_313,0,0
test_314,0,0
test_315,0,0
test_316,0,0
test_317,0,0
test_318,0,0
test_319,0,0
test_320,0,0
test_321,0,0
test_322,0,0
test_323,0,0
test_324,0,0
test_325,0,0
test_326,0,0
test_327,0,0
test_328,0,0
test_329,0,0
test_330,0,0
test_331,0,0
test_332,0,0
test_333,0,0
test_334,0,0
test_335,0,0
test_336,0,0
test_337,0,0
test_338,0,0
test_339,0,0
test_340,0,0
test_341,0,0
test_342,0,0
test_343,0,0
test_344,0,0
test_345,0,0
test_346,0,0
test_347,0,0
test_348,0,0
test_349,0,0
test_350,0,0
test_351,0,0
test_352,0,0
test_353,0,0
test_354,0,0
test_355,0,0
test_356,0,0
test_357,0,0
test_358,0,0
test_359,0,0
test_360,0,0
test_361,0,0
test_362,0,0
test_363,0,0
test_364,0,0
test_365,0,0
test_366,0,0
test_367,0,0
test_368,0,0
test_369,0,0
test_370,0,0
test_371,0,0
test_372,0,0
test_373,0,0
test_374,0,0
test_375,0,0
test_376,0,0
test_377,0,0
test_378,0,0
test_379,0,0
test_380,0,0
test_381,0,0
test_382,0,0
test_383,0,0
test_384,0,0
test_385,0,0
test_386,0,0
test_387,0,0
test_388,0,0
test_389,0,0
test_390,0,0
test_391,0,0
test_392,0,0
test_393,0,0
test_394,0,0
test_395,0,0
test_396,0,0
test_397,0,0
test_398,0,0
test_399,0,0
test_400,0,0
test_401,0,0
test_402,0,0
test_403,0,0
test_404,0,0
test_405,0,0
test_406,0,0
test_407,0,0
test_408,0,0
test_409,0,0
test_410,0,0
test_411,0,0
test_412,0,0
test_413,0,0
test_414,0,0
test_415,0,0
test_416,0,0
test_417,0,0
test_418,0,0
test_419,0,0
test_420,0,0
test_421,0,0
test_422,0,0
test_423,0,0
test_424,0,0
test_425,0,0
test_426,0,0
test_427,0,0
test_428,0,0
test_429,0,0
test_430,0,0
test_431,0,0
test_432,0,0
test_433,0,0
test_434,0,0
test_435,0,0
test_436,0,0
test_437,0,0
test_438,0,0
test_439,0,0
test_440,0,0
test_441,0,0
test_442,0,0
test_443,0,0
test_444,0,0
test_445,0,0
test_446,0,0
test_447,0,0
test_448,0,0
test_449,0,0
test_450,0,0
test_451,0,0
test_452,0,0
test_453,0,0
test_454,0,0
test_455,0,0
test_456,0,0
